City,Cloudiness,Country,Date,Humidity,Lat,Lng,Max Temp,Wind Speed
New Norfolk,100,AU,1622616337,59,-42.7826,147.0587,57.58,3.36
Severo-Kuril'sk,47,RU,1622616337,81,50.6789,156.125,42.44,2.71
Najrān,46,SA,1622616337,13,17.4924,44.1277,90.25,13.51
Eidsvåg,23,NO,1622616338,44,62.7767,8.0668,61.45,3.29
Mattru,89,SL,1622616338,93,7.6244,-11.8332,74.28,1.1
Bozüyük,84,TR,1622616339,80,39.9078,30.0367,49.26,10.6
Waterloo,1,CA,1622616101,87,43.4668,-80.5164,54.0,2.77
Atuona,100,PF,1622616339,74,-9.8,-139.0333,79.43,17.72
San Patricio,100,US,1622616208,81,28.017,-97.5169,76.87,3.29
Rikitea,0,PF,1622616340,60,-23.1203,-134.9692,71.69,19.39
Khatanga,99,RU,1622616340,94,71.9667,102.5,35.2,16.73
Hamilton,90,US,1622616252,94,39.1834,-84.5333,64.4,1.99
Fare,100,PF,1622616154,71,-16.7,-151.0167,79.61,14.07
Blagoyevo,21,RU,1622616341,41,63.3667,47.9167,53.89,9.24
Cabo San Lucas,87,MX,1622616262,50,22.8909,-109.9124,82.4,10.45
Qaqortoq,89,GL,1622616342,82,60.7167,-46.0333,37.9,1.34
Hilo,40,US,1622616223,82,19.7297,-155.09,74.93,4.61
Ancud,100,CL,1622616342,79,-41.8697,-73.8203,44.22,4.25
Saint Paul Harbor,90,US,1622616283,93,57.79,-152.4072,45.91,13.8
Puerto Ayora,65,EC,1622616342,92,-0.7393,-90.3518,72.55,5.01
Ranfurly,0,NZ,1622616343,91,-45.1333,170.1,39.65,3.0
George Town,20,MY,1622616309,66,5.4112,100.3354,91.35,9.22
Torbay,90,CA,1622616343,93,47.6666,-52.7314,46.76,19.57
Salalah,40,OM,1622616344,70,17.0151,54.0924,87.89,12.66
Bandon,100,IE,1622616344,96,51.7469,-8.7425,55.45,3.24
Mārāndahalli,50,IN,1622616344,40,12.4,78.0,89.89,2.89
Cape Town,0,ZA,1622616158,86,-33.9258,18.4232,55.81,1.99
Norman Wells,75,CA,1622616345,81,65.282,-126.8329,46.44,4.61
Ostrovnoy,100,RU,1622616345,87,68.0531,39.5131,43.36,20.74
Fort Nelson,75,CA,1622616343,35,58.8053,-122.7002,69.39,6.91
Forsytheganj,100,BY,1622616345,61,52.6333,29.7333,57.97,12.55
Nīmbāhera,0,IN,1622616346,23,24.6167,74.6833,102.07,9.37
San Quintín,0,MX,1622616346,89,30.4833,-115.95,59.5,7.94
Vaini,75,TO,1622616346,83,-21.2,-175.2,71.76,3.44
Makkah al Mukarramah,5,SA,1622616127,26,21.4267,39.8261,100.92,7.25
Punta Arenas,0,CL,1622616347,93,-53.15,-70.9167,19.51,0.6
Talnakh,93,RU,1622616347,96,69.4865,88.3972,36.77,15.46
Saint George,1,US,1622616343,15,37.1041,-113.5841,82.99,3.0
Qaanaaq,87,GL,1622616347,93,77.484,-69.3632,20.43,3.98
Ushuaia,90,AR,1622616348,100,-54.8,-68.3,29.86,10.36
Sungai Penuh,90,ID,1622616348,71,-2.0833,101.3833,76.91,4.12
Hermanus,14,ZA,1622616349,72,-34.4187,19.2345,54.9,4.52
Tura,99,IN,1622616349,63,25.5198,90.2201,86.94,6.13
Jamestown,1,US,1622616350,79,42.097,-79.2353,56.84,5.75
Upernavik,37,GL,1622616350,93,72.7868,-56.1549,25.72,5.61
Port Alfred,69,ZA,1622616350,80,-33.5906,26.891,61.47,16.8
Saint-Philippe,95,RE,1622616351,81,-21.3585,55.7679,80.47,14.09
Busselton,100,AU,1622616351,67,-33.65,115.3333,65.05,3.11
Hofn,90,IS,1622616195,83,64.2539,-15.2082,46.18,18.7
Hambantota,75,LK,1622616351,62,6.1241,81.1185,93.54,18.25
Lüderitz,0,NA,1622616352,38,-26.6481,15.1594,61.84,9.46
Tasiilaq,58,GL,1622616352,73,65.6145,-37.6368,32.16,4.43
Zihuatanejo,100,MX,1622616106,77,17.6333,-101.55,82.02,3.22
Albany,100,US,1622616331,87,42.6001,-73.9662,53.85,2.26
Emba,19,KZ,1622616353,44,48.8264,58.1442,80.28,1.74
Eureka,73,US,1622616353,94,40.8021,-124.1637,54.19,1.01
Mataura,17,NZ,1622616354,98,-46.1927,168.8643,49.48,0.69
Fortuna,90,US,1622616354,74,40.5982,-124.1573,53.92,0.0
Kidal,0,ML,1622616354,9,18.4411,1.4078,93.58,3.71
Basco,15,PH,1622616355,78,20.4487,121.9702,84.97,14.18
Sechura,53,PE,1622616355,77,-5.5569,-80.8222,67.37,9.06
Korem,0,ET,1622616355,29,12.5058,39.5228,70.29,7.23
Kapaa,1,US,1622616356,77,22.0752,-159.319,78.78,9.95
Butaritari,97,KI,1622616356,77,3.0707,172.7902,83.26,15.21
Longyearbyen,75,SJ,1622616356,93,78.2186,15.6401,35.44,5.75
Port Elizabeth,0,ZA,1622616198,77,-33.918,25.5701,60.8,9.22
Iqaluit,90,CA,1622616357,93,63.7506,-68.5145,31.73,15.01
Ponta do Sol,100,PT,1622616357,79,32.6667,-17.1,66.0,2.33
Turukhansk,53,RU,1622616357,53,65.8167,87.9833,50.56,9.08
Coquimbo,90,CL,1622616265,100,-29.9533,-71.3436,53.33,2.44
Lompoc,90,US,1622616358,100,34.6391,-120.4579,59.11,3.36
Hasaki,100,JP,1622616358,73,35.7333,140.8333,77.29,12.64
Bestöbe,34,KZ,1622616358,51,52.4994,73.0975,72.72,11.34
Sargatskoye,15,RU,1622616359,45,55.6101,73.4972,63.79,7.9
Luwuk,11,ID,1622616359,66,-0.9516,122.7875,86.22,6.35
Svetlaya,54,RU,1622616359,84,46.5389,138.3297,55.89,8.39
‘Ewa Beach,1,US,1622616360,68,21.3156,-158.0072,78.75,11.01
Sinnamary,95,GF,1622616360,89,5.3833,-52.95,75.97,2.82
São José da Coroa Grande,71,BR,1622616361,80,-8.8978,-35.1478,74.34,2.15
Pevek,9,RU,1622616361,67,69.7008,170.3133,38.5,6.24
Bluff,11,NZ,1622616361,78,-46.6,168.3333,49.8,20.94
Hobart,0,AU,1622616362,58,-42.8794,147.3294,57.92,3.0
Gorin,31,RU,1622616362,49,51.1983,136.6669,69.01,10.33
Kasempa,52,ZM,1622616363,53,-13.4584,25.8338,69.3,7.96
Danbury,1,US,1622616363,90,41.3948,-73.454,60.19,0.0
Filandia,100,CO,1622616364,92,4.6747,-75.6583,54.88,3.27
Saskylakh,100,RU,1622616364,92,71.9167,114.0833,50.88,15.19
Solnechnyy,41,RU,1622616364,49,50.7214,136.6319,65.57,10.13
Castro,66,BR,1622616365,93,-24.7911,-50.0119,50.72,3.2
Srednekolymsk,9,RU,1622616365,20,67.45,153.6833,68.81,6.64
Shingū,100,JP,1622616365,76,33.7333,135.9833,74.39,7.45
Ivanava,50,BY,1622616366,61,52.1451,25.5365,58.86,8.99
Tezu,54,IN,1622616366,63,27.9167,96.1667,89.55,2.62
Doha,0,QA,1622616367,26,25.2867,51.5333,105.78,11.5
Nyurba,96,RU,1622616367,41,63.2842,118.3319,76.08,2.33
Lata,35,PT,1622616367,80,40.1629,-8.3327,60.04,1.66
Barrow,90,US,1622616368,69,71.2906,-156.7887,30.22,16.11
Berlevåg,0,NO,1622616368,62,70.8578,29.0864,57.15,17.27
Tuy Hoa,100,VN,1622616368,55,13.0833,109.3,93.45,10.38
Dikson,100,RU,1622616369,94,73.5069,80.5464,34.34,13.11
Lavrentiya,7,RU,1622616141,72,65.5833,-171.0,31.08,14.18
Bilma,99,NE,1622616369,10,18.6853,12.9164,94.19,8.23
Avera,30,US,1622616169,95,33.194,-82.5271,66.7,5.48
Vitória,75,BR,1622616369,94,-20.3194,-40.3378,71.85,3.0
Myitkyina,29,MM,1622616370,75,25.3833,97.4,87.06,2.89
Flinders,100,AU,1622616370,61,-34.5833,150.8552,67.28,3.51
Adrar,1,MR,1622616371,32,20.5022,-10.0711,85.86,7.87
Bowling Green,90,US,1622616371,95,36.9903,-86.4436,66.72,0.0
Lebu,63,CL,1622616371,92,-37.6167,-73.65,52.36,5.14
Inuvik,90,CA,1622616372,81,68.3499,-133.7218,31.06,11.5
Leesburg,75,US,1622616372,82,39.1157,-77.5636,66.69,1.99
Thompson,75,CA,1622616155,58,55.7435,-97.8558,59.16,9.22
Bontang,100,ID,1622616372,79,0.1333,117.5,83.88,10.07
Dhārchula,20,IN,1622616373,37,29.85,80.5333,84.13,7.49
Monrovia,100,LR,1622616373,85,6.3005,-10.7969,77.29,2.19
Narsaq,92,GL,1622616373,68,60.9167,-46.05,37.62,3.27
Chokurdakh,32,RU,1622616374,20,70.6333,147.9167,71.76,8.25
Vilyuysk,100,RU,1622616374,48,63.7553,121.6247,67.82,5.32
Kaitangata,12,NZ,1622616374,93,-46.2817,169.8464,46.08,4.45
Montepuez,100,MZ,1622616375,59,-13.1256,38.9997,74.59,5.17
Maracaibo,100,VE,1622616375,89,10.6317,-71.6406,77.11,2.53
Tuktoyaktuk,99,CA,1622616375,88,69.4541,-133.0374,31.12,8.01
Bredasdorp,25,ZA,1622616376,93,-34.5322,20.0403,45.72,3.58
Spasskoye,100,RU,1622616376,66,44.6108,132.7969,67.73,12.44
Aykhal,100,RU,1622616376,33,66.0,111.5,74.66,18.75
Ribeira Grande,75,PT,1622616377,63,38.5167,-28.7,59.4,8.05
Aden,6,YE,1622616371,71,12.7794,45.0367,88.16,12.66
Mar del Plata,0,AR,1622616300,87,-38.0023,-57.5575,49.08,1.99
Nueve de Julio,6,AR,1622616189,62,-35.4444,-60.8831,48.0,3.0
Bambous Virieux,40,MU,1622616136,73,-20.3428,57.7575,80.22,16.91
Nauta,100,PE,1622616377,94,-4.5061,-73.5757,72.14,0.96
Caravelas,44,BR,1622616378,90,-17.7125,-39.2481,70.86,0.78
Nome,1,US,1622616378,40,64.5011,-165.4064,46.47,19.57
Xining,100,CN,1622616378,26,36.6167,101.7667,65.1,15.21
Örnsköldsvik,80,SE,1622616379,42,63.2909,18.7153,65.35,4.79
Valparaíso,100,CL,1622616379,73,-33.0393,-71.6273,62.47,11.07
East London,40,ZA,1622616379,94,-33.0153,27.9116,58.14,12.66
San Cristobal,100,VE,1622616191,96,7.7669,-72.225,64.17,2.24
Maryville,75,US,1622616235,83,35.7565,-83.9705,67.6,0.0
Tuatapere,14,NZ,1622616197,79,-46.1333,167.6833,50.0,5.01
Klaksvík,92,FO,1622616380,84,62.2266,-6.589,49.12,6.51
Nikolskoye,100,RU,1622616380,54,59.7035,30.7861,59.81,4.97
Semporna,100,MY,1622616381,73,4.4818,118.6112,89.8,9.6
Olinda,40,BR,1622616381,88,-8.0089,-34.8553,69.53,6.26
Olafsvik,62,IS,1622616382,76,64.8945,-23.7142,44.56,16.4
Gizo Government Station,100,SB,1622616382,80,-8.103,156.8419,82.53,7.52
Husavik,5,IS,1622616382,60,66.0449,-17.3389,46.31,12.59
Deputatsky,92,RU,1622616382,31,69.3,139.9,63.37,8.97
Zelenogorskiy,10,RU,1622616383,28,55.0333,87.0,81.12,1.1
Nanortalik,96,GL,1622616383,89,60.1432,-45.2371,37.53,4.72
Haines Junction,100,CA,1622616383,46,60.7522,-137.5108,51.75,5.75
Kyra,100,RU,1622616384,28,49.5776,111.9753,58.96,7.31
Gouré,100,NE,1622616384,51,13.9835,10.2704,86.02,11.3
Dingle,100,PH,1622616384,84,10.9995,122.6711,78.96,12.66
La Ronge,40,CA,1622616268,48,55.1001,-105.2842,66.45,4.61
Edmundston,1,CA,1622616385,76,47.3737,-68.3251,53.69,10.36
Sept-Îles,75,CA,1622616385,89,50.2001,-66.3821,50.52,5.75
Atikokan,100,CA,1622616385,85,48.7555,-91.6216,52.2,5.44
Portland,9,US,1622616260,67,45.5234,-122.6762,77.04,2.13
Bethel,1,US,1622616339,87,41.3712,-73.414,60.67,0.0
Quatre Cocos,32,MU,1622616386,71,-20.2078,57.7625,80.1,17.13
Florø,0,NO,1622616386,94,61.5996,5.0328,64.47,5.75
Rome,1,US,1622616339,87,43.2128,-75.4557,59.88,0.0
Sturgeon Falls,100,CA,1622616387,83,46.3646,-79.9326,53.56,5.84
Kruisfontein,81,ZA,1622616387,72,-34.0033,24.7314,54.88,13.04
Provideniya,40,RU,1622616388,60,64.3833,-173.3,39.31,13.42
Burnie,100,AU,1622616388,77,-41.0667,145.9167,54.68,1.43
Aklavik,100,CA,1622616388,100,68.2191,-135.0107,31.03,5.5
Obo,100,CF,1622616389,95,5.3998,26.4869,68.74,5.23
Yellowknife,75,CA,1622616305,100,62.456,-114.3525,52.32,4.61
Estremoz,7,PT,1622616389,76,38.8443,-7.5859,56.48,3.04
Naryan-Mar,100,RU,1622616390,44,67.6713,53.087,44.44,21.45
Cidreira,100,BR,1622616390,69,-30.1811,-50.2056,57.42,5.88
Tiksi,100,RU,1622616390,86,71.6872,128.8694,37.67,5.97
Raudeberg,99,NO,1622616391,71,61.9875,5.1352,60.4,10.11
Salinópolis,11,BR,1622616391,85,-0.6136,-47.3561,78.04,9.01
Evensk,46,RU,1622616391,56,61.95,159.2333,49.03,5.55
Bengkulu,12,ID,1622616392,61,-3.8004,102.2655,86.25,6.64
Bafatá,96,GW,1622616392,79,12.1667,-14.75,74.89,3.51
Avarua,99,CK,1622616392,94,-21.2078,-159.775,68.05,1.14
Oodweyne,22,SO,1622616393,48,9.4092,45.064,80.29,22.06
Bathsheba,40,BB,1622616393,65,13.2167,-59.5167,79.41,10.45
Kamaishi,53,JP,1622616394,75,39.2667,141.8833,76.15,7.36
Glenwood Springs,100,US,1622616394,39,39.5505,-107.3248,60.03,3.11
Guararé,99,PA,1622616394,82,7.8167,-80.2833,70.57,5.64
Douglas,40,US,1622616395,78,41.3,-96.167,64.27,1.01
Carnarvon,83,AU,1622616395,46,-24.8667,113.6333,71.67,12.66
Sabang,100,ID,1622616395,74,5.8933,95.3214,83.43,10.74
Micheweni,15,TZ,1622616396,74,-4.9667,39.8333,79.48,10.54
Viedma,7,AR,1622616396,66,-40.8135,-62.9967,47.14,15.75
Lagoa,100,PT,1622616396,57,39.05,-27.9833,58.71,10.22
Flin Flon,94,CA,1622616397,96,54.7682,-101.865,54.79,7.38
Sotuta,3,MX,1622616397,88,20.6,-89.0167,72.7,3.06
Clonakilty,100,IE,1622616397,94,51.6231,-8.8706,55.09,5.35
North Bend,90,US,1622616398,93,43.4065,-124.2243,57.92,4.61
Tibiri,0,NE,1622616398,57,13.5627,7.0485,79.14,16.91
Georgiyevskoye,39,RU,1622616398,45,58.731,45.024,59.05,7.78
Saint-Augustin,9,CA,1622616399,88,51.226,-58.6502,47.16,4.21
Muroto-misakicho,100,JP,1622616399,79,33.2833,134.15,73.44,14.18
Dzilam González,8,MX,1622616399,91,21.2833,-88.9333,73.53,5.06
Honningsvåg,0,NO,1622616345,71,70.9821,25.9704,54.93,12.66
Harlingen,1,US,1622616301,74,26.1906,-97.6961,75.38,4.61
Airai,89,TL,1622616247,73,-8.9266,125.4092,68.65,2.46
Kungurtug,0,RU,1622616400,23,50.5994,97.5228,69.71,2.35
Itaituba,12,BR,1622616400,77,-4.2761,-55.9836,73.72,0.58
Puerto Carreño,100,CO,1622616203,94,6.189,-67.4859,72.99,4.16
Baffa,27,PK,1622616401,39,34.4378,73.2194,85.37,4.88
Hithadhoo,100,MV,1622616401,68,-0.6,73.0833,83.8,15.84
Aquiraz,3,BR,1622616401,82,-3.9014,-38.3911,78.89,9.46
Markova,100,UA,1622616402,81,48.6758,24.4138,53.19,4.61
Broome,100,US,1622616402,76,42.2506,-75.833,58.06,2.64
Matara,47,LK,1622616402,68,5.9485,80.5353,85.91,13.38
High Level,40,CA,1622616403,72,58.5169,-117.136,62.71,3.58
Muros,100,ES,1622616403,94,42.7762,-9.0603,61.23,5.95
Parchim,23,DE,1622616403,73,53.4263,11.8488,58.17,10.56
Tiarei,71,PF,1622616404,69,-17.5333,-149.3333,75.22,14.92
Chui,100,UY,1622616404,77,-33.6971,-53.4616,56.35,7.63
Concarneau,51,FR,1622616404,93,47.875,-3.9225,63.37,7.52
Ketchikan,90,US,1622616192,100,55.3422,-131.6461,54.07,5.75
Lafia,100,NG,1622616405,71,8.4833,8.5167,79.0,5.32
Alma,30,CA,1622616405,95,48.5501,-71.6491,52.63,4.21
Kavieng,99,PG,1622616406,83,-2.5744,150.7967,81.0,14.99
Biak,10,ID,1622616406,67,-0.9131,122.8766,83.52,7.27
Labuhan,99,ID,1622616406,69,-6.8844,112.2051,84.63,9.6
Klaeng,90,TH,1622616407,61,12.7797,101.6483,95.95,9.28
Harper,74,LR,1622616407,86,4.375,-7.7169,78.12,0.45
The Valley,74,AI,1622616201,71,18.217,-63.0578,80.1,18.23
Westport,1,US,1622616237,85,41.1415,-73.3579,62.37,1.01
Goderich,82,CA,1622616407,82,43.7501,-81.7165,54.91,1.14
Bubaque,22,GW,1622616408,83,11.2833,-15.8333,78.57,10.45
Kresttsy,100,RU,1622616408,61,58.2452,32.5165,57.42,5.35
Alekseyevsk,73,RU,1622616408,21,57.8406,108.3492,81.55,3.98
Saldanha,26,ZA,1622616409,80,-33.0117,17.9442,46.45,8.08
Neuquén,0,AR,1622616368,71,-38.9516,-68.0591,48.09,2.3
Rio Grande,100,BR,1622616409,69,-32.035,-52.0986,58.86,9.26
Águas Vermelhas,15,BR,1622616134,98,-15.7472,-41.46,58.05,2.44
Rauma,80,FI,1622616410,64,61.1272,21.5113,62.64,3.74
Prince Albert,40,CA,1622616410,52,53.2001,-105.7677,64.35,6.91
Dhidhdhoo,95,MV,1622616410,68,6.8833,73.1,83.5,16.51
Dunedin,11,NZ,1622616411,74,-45.8742,170.5036,49.8,1.01
Acapulco de Juárez,35,MX,1622616360,80,16.8634,-99.8901,80.94,3.76
Clyde River,90,CA,1622616411,93,70.4692,-68.5914,26.83,3.44
Oshnavīyeh,0,IR,1622616412,21,37.0397,45.0983,75.45,19.84
Nova Olímpia,77,BR,1622616412,69,-14.7972,-57.2881,69.94,1.99
Benghazi,6,LY,1622616412,52,32.1167,20.0667,73.69,10.65
Port Blair,26,IN,1622616412,68,11.6667,92.75,86.22,5.17
Karratha,95,AU,1622616251,25,-20.7377,116.8463,79.56,14.47
Jizan,6,SA,1622616130,39,17.3333,42.6667,95.94,10.18
Ukiah,1,US,1622616413,58,39.1502,-123.2078,73.29,5.75
Chornobay,100,UA,1622616413,91,49.6708,32.3239,49.98,17.09
Santa Rosa,100,PH,1622616124,80,14.3122,121.1114,83.86,17.25
Vila Velha,75,BR,1622616414,94,-20.3297,-40.2925,71.94,3.0
Izumo,75,JP,1622616414,54,35.3667,132.7667,80.49,3.42
Belaya Gora,99,RU,1622616415,21,68.5333,146.4167,70.48,9.28
Aswān,0,EG,1622616415,14,24.0934,32.907,100.89,18.14
Pinega,100,RU,1622616415,77,64.7001,43.3936,49.19,7.67
Paamiut,81,GL,1622616415,78,61.994,-49.6678,37.4,4.12
Vila Franca do Campo,82,PT,1622616120,75,37.7167,-25.4333,59.41,7.56
Plettenberg Bay,13,ZA,1622616416,66,-34.0527,23.3716,58.24,5.82
Māngrol,9,IN,1622616416,65,21.1167,70.1167,87.69,11.88
Marfino,0,RU,1622616417,34,55.7028,37.3822,62.85,10.87
Sitka,90,US,1622616214,87,57.0531,-135.33,51.69,4.61
Sibolga,96,ID,1622616417,69,1.7427,98.7792,86.54,6.6
Los Llanos de Aridane,75,ES,1622616417,85,28.6585,-17.9182,64.15,6.22
Sorong,76,ID,1622616418,77,-0.8833,131.25,82.56,4.25
Codrington,100,AU,1622616418,60,-38.2667,141.9667,58.3,6.76
Levice,100,SK,1622616418,59,48.2156,18.6071,63.5,4.12
Laguna,1,US,1622616419,50,38.421,-121.4238,84.04,5.84
Lorengau,55,PG,1622616419,83,-2.0226,147.2712,80.87,10.49
Port Lincoln,59,AU,1622616419,65,-34.7333,135.8667,64.22,10.47
Coyhaique,75,CL,1622616418,75,-45.5752,-72.0662,42.75,5.75
Buenos Aires,0,AR,1622616420,80,-34.6132,-58.3772,56.93,5.75
Yeniseysk,23,RU,1622616420,25,58.4497,92.1703,79.95,7.14
Hecun,99,CN,1622616421,17,36.5333,114.1111,96.13,12.82
Margate,95,GB,1622616208,81,51.3813,1.3862,64.0,10.76
Cherskiy,73,RU,1622616421,30,68.75,161.3,63.59,11.56
Thinadhoo,100,MV,1622616421,70,0.5333,72.9333,84.0,15.88
Champerico,89,GT,1622616422,84,14.3,-91.9167,81.36,5.57
Cockburn Town,65,TC,1622616422,78,21.4612,-71.1419,79.74,21.23
Bowen,89,AU,1622616422,68,-20.0167,148.2333,73.62,12.06
Lufilufi,3,WS,1622616423,66,-13.8745,-171.5986,76.78,16.02
Tucumcari,20,US,1622616423,82,35.1717,-103.725,62.44,4.18
Clarksburg,40,US,1622616306,93,39.2807,-80.3445,63.28,3.04
Nevşehir,75,TR,1622616424,76,38.9167,34.6667,51.01,8.1
Vanimo,100,PG,1622616424,88,-2.6741,141.3028,78.03,5.66
Souillac,40,MU,1622616161,73,-20.5167,57.5167,80.37,16.73
Adwa,34,ET,1622616424,15,14.1646,38.8955,82.63,9.22
Guarapari,100,BR,1622616425,91,-20.6667,-40.4975,71.89,3.6
Luan,20,CH,1622616425,79,46.3592,6.9759,58.37,3.0
Tūkrah,8,LY,1622616425,48,32.5341,20.5791,73.78,12.66
Kysyl-Syr,99,RU,1622616426,40,63.8986,122.7617,68.77,5.75
Faya,1,SA,1622616426,12,18.3851,42.4509,82.51,21.43
Noumea,1,NC,1622616426,99,-22.2763,166.4572,73.0,9.6
Kudahuvadhoo,100,MV,1622616242,65,2.6708,72.8944,83.59,13.29
Yar-Sale,100,RU,1622616270,49,66.8333,70.8333,41.81,16.96
Mahébourg,40,MU,1622616427,73,-20.4081,57.7,80.26,16.11
Honiara,97,SB,1622616333,84,-9.4333,159.95,81.48,6.33
Mount Gambier,90,AU,1622616427,63,-37.8333,140.7667,58.91,10.36
Kimbe,100,PG,1622616428,89,-5.5502,150.1429,78.31,1.63
Yaan,61,NG,1622616428,81,7.3833,8.5667,78.01,10.78
Alghero,0,IT,1622616151,83,40.5589,8.3181,68.09,5.75
Fairbanks,40,US,1622616428,79,64.8378,-147.7164,57.54,0.0
Maragogi,98,BR,1622616429,79,-9.0122,-35.2225,74.17,2.68
San Jerónimo,92,PE,1622616429,91,-11.9472,-75.2829,45.81,0.89
Umeå,0,SE,1622616429,52,63.8284,20.2597,64.33,4.61
Pulandian,98,CN,1622616430,54,39.3953,121.9669,73.53,18.99
Araouane,5,ML,1622616145,11,18.9048,-3.5265,92.14,9.62
Mana,95,GF,1622616430,91,5.6592,-53.7767,75.29,2.13
Corinth,99,GR,1622616430,61,37.9407,22.9573,71.76,3.96
Nantucket,1,US,1622616431,84,41.2835,-70.0995,61.12,10.36
Sjøvegan,0,NO,1622616431,35,68.8726,17.8474,65.14,2.48
Matamoros,40,MX,1622616284,53,25.5333,-103.25,74.1,6.49
Gimli,7,CA,1622616432,67,50.6336,-96.9907,59.02,0.0
Zhob,0,PK,1622616432,15,31.3411,69.4481,88.29,5.41
Midland,1,US,1622616304,82,31.9974,-102.0779,68.68,9.22
Hays,86,US,1622616433,87,30.0502,-98.0336,72.52,1.99
Ürümqi,0,CN,1622616433,13,43.801,87.6005,92.35,6.67
Coahuayana Viejo,99,MX,1622616433,91,18.7333,-103.6833,78.08,0.78
Kavaratti,34,IN,1622616434,78,10.5669,72.642,83.23,14.18
Sunrise Manor,1,US,1622616434,11,36.2111,-115.0731,92.71,1.01
Saurimo,72,AO,1622616434,38,-9.6608,20.3916,68.72,6.29
Naze,100,JP,1622616435,82,28.3667,129.4833,76.12,15.12
Guerrero Negro,8,MX,1622616253,88,27.9769,-114.0611,60.44,8.23
Warren,1,US,1622616435,87,39.4334,-84.1666,64.35,1.01
Mangit,3,UZ,1622616435,17,40.5971,70.9607,92.48,3.27
Victor Harbor,48,AU,1622616436,65,-35.5667,138.6167,67.71,3.18
Katsuura,100,JP,1622616436,73,35.1333,140.3,77.11,10.76
Lamu,9,KE,1622616437,71,-2.2717,40.902,80.82,12.19
Pachino,100,IT,1622616437,77,36.7186,15.0907,75.24,9.57
Aksu,61,CN,1622616437,18,41.1231,80.2644,89.91,7.34
Maceió,90,BR,1622616196,94,-9.6658,-35.7353,74.64,4.56
Egvekinot,89,RU,1622616438,70,66.3167,-179.1667,31.41,2.17
Molochnoye,6,RU,1622616438,54,59.2917,39.6787,56.71,10.78
Tukums,6,LV,1622616438,49,56.9669,23.1553,63.75,5.17
Thohoyandou,94,ZA,1622616439,86,-22.9456,30.485,56.59,5.84
Beringovskiy,10,RU,1622616439,80,63.05,179.3167,32.02,10.4
Harrismith,94,ZA,1622616439,65,-28.2728,29.1295,42.48,3.83
Asău,100,RO,1622616283,64,46.4333,26.4,56.39,10.04
Ixtapa,100,MX,1622616440,70,20.7,-105.2,82.22,1.99
Makokou,100,GA,1622616440,99,0.5738,12.8642,70.54,2.86
Nuuk,90,GL,1622616440,100,64.1835,-51.7216,34.41,4.61
Kärdla,0,EE,1622616441,63,58.9978,22.7492,58.98,4.61
Verkhoyansk,96,RU,1622616441,22,67.5447,133.385,74.21,7.74
Northam,100,GB,1622616441,86,51.0333,-4.2167,64.02,7.76
Pyshchug,29,RU,1622616442,45,58.8873,45.7134,58.64,7.63
Nakhon Phanom,57,TH,1622616442,34,17.3333,104.4167,98.4,7.87
Faanui,100,PF,1622616442,71,-16.4833,-151.75,79.86,16.53
Attur,100,IN,1622616443,42,11.6,78.6167,94.28,1.81
Anūpgarh,0,IN,1622616443,28,29.1911,73.2086,100.78,6.93
Kandi,11,BJ,1622616444,63,11.1342,2.9386,81.52,7.76
Tazmalt,51,DZ,1622616444,62,36.3868,4.3989,74.53,3.31
Ilulissat,15,GL,1622616444,48,69.2167,-51.1,39.22,10.36
Santa Marta,99,CO,1622616445,75,11.2408,-74.199,81.99,7.52
Tatarsk,100,RU,1622616445,48,55.219,75.9828,64.24,9.33
Poum,96,NC,1622616445,60,-20.2333,164.0167,73.58,9.62
Tupik,12,RU,1622616446,47,54.4253,119.9327,64.36,10.18
Jasper,90,US,1622616446,89,37.2001,-94.3502,60.85,1.01
Homer,90,US,1622616446,64,59.6425,-151.5483,49.89,0.0
Province of Mantua,65,IT,1622616447,70,45.1667,10.7833,70.84,5.99
Sirūr,35,IN,1622616447,47,18.8333,74.3833,90.03,5.3
Samaná,100,DO,1622616309,89,19.2056,-69.3369,75.69,8.86
Marathon,1,US,1622616447,87,44.9,-89.7668,58.75,5.21
Tautira,98,PF,1622616448,65,-17.7333,-149.15,75.22,13.56
Havre-St-Pierre,75,CA,1622616448,100,50.2334,-63.5986,43.16,3.44
Nabire,93,ID,1622616448,86,-3.3667,135.4833,81.25,2.3
Yangi Marg`ilon,0,UZ,1622616202,32,40.4272,71.7189,86.0,6.91
Qixingtai,90,CN,1622616449,62,30.4135,111.8874,87.57,4.97
Dubréka,100,GN,1622616449,85,9.7911,-13.5233,82.47,1.83
Benguela,42,AO,1622616449,70,-12.5763,13.4055,75.18,6.06
Victoria Point,74,AU,1622616450,76,-27.5833,153.3,69.44,5.03
Nizhniy Odes,42,RU,1622616450,30,63.6445,54.856,49.41,11.95
Yulara,6,AU,1622616450,37,-25.2406,130.9889,69.64,13.8
Kupang,20,ID,1622616451,55,-10.1667,123.5833,88.38,6.91
Huarmey,100,PE,1622616363,88,-10.0681,-78.1522,64.06,5.57
Moose Factory,90,CA,1622616451,75,51.2585,-80.6094,39.2,4.61
Sujangarh,0,IN,1622616451,29,27.7011,74.4649,100.94,6.93
Bandarbeyla,80,SO,1622616452,56,9.4942,50.8122,86.63,20.65
Durrës,0,AL,1622616452,59,41.3231,19.4414,64.58,3.42
Esperance,99,AU,1622616452,71,-33.8667,121.9,64.24,12.08
Azare,100,NG,1622616453,44,11.6765,10.1948,84.65,2.57
Plastun,100,RU,1622616453,76,44.7561,136.2939,61.88,4.97
Belyy,2,RU,1622616453,43,55.8402,32.9419,61.09,8.16
Anori,8,BR,1622616454,80,-3.7728,-61.6442,72.19,0.49
Fukuechō,75,JP,1622616454,64,32.6881,128.8419,73.76,5.75
Katete,100,UG,1622616454,52,-0.7818,29.7544,74.95,2.8
Sitia,14,GR,1622616455,68,35.2,26.0986,69.35,10.36
Zhigansk,25,RU,1622616455,48,66.7697,123.3711,62.96,0.43
Taoudenni,8,ML,1622616449,19,22.6783,-3.9836,93.87,14.99
Half Moon Bay,90,US,1622616456,88,37.4636,-122.4286,64.4,0.0
Erenhot,100,CN,1622616456,19,43.6475,111.9767,58.89,15.99
Vostok,91,RU,1622616456,52,46.4856,135.8833,60.62,6.06
Kununurra,99,AU,1622616445,33,-15.7667,128.7333,93.18,4.61
Salinas,90,US,1622616457,86,36.6777,-121.6555,60.62,6.91
Beitbridge,4,ZW,1622616457,61,-22.2167,30.0,66.2,4.97
San Ramon,1,US,1622616360,77,37.7799,-121.978,66.6,5.01
Villarrobledo,12,ES,1622616457,56,39.2699,-2.6012,61.77,3.06
Arraial do Cabo,6,BR,1622616458,83,-22.9661,-42.0278,70.92,6.35
Cayenne,40,GF,1622616458,90,4.9333,-52.3333,75.24,1.74
Santa Maria,96,BR,1622616242,79,-29.6842,-53.8069,57.29,4.12
Shilka,100,RU,1622616459,73,51.85,116.0333,58.89,3.13
Cajamarca,93,PE,1622616459,88,-7.1638,-78.5003,54.34,2.93
Maltahöhe,0,NA,1622616459,49,-24.8333,16.9833,44.04,11.81
Prince Rupert,90,CA,1622616460,95,54.3161,-130.3201,57.29,2.3
Sidi Ali,63,DZ,1622616460,59,36.0998,0.4206,68.02,1.28
Rohtak,0,IN,1622616266,21,28.9,76.5667,89.69,2.51
Khāsh,0,IR,1622616430,5,28.2211,61.2158,99.01,15.35
Alice Springs,56,AU,1622616398,21,-23.7,133.8833,74.21,11.99
Luau,21,AO,1622616461,37,-10.7073,22.2247,67.73,6.22
Osakarovka,100,KZ,1622616461,45,50.565,72.5692,81.28,13.29
Mwinilunga,67,ZM,1622616461,46,-11.7358,24.4293,68.14,4.54
Seoul,0,KR,1622616317,37,37.5683,126.9778,87.19,11.27
Paciran,100,ID,1622616462,67,-6.8767,112.3761,84.9,9.55
Kumul,0,CN,1622616462,6,42.8,93.45,90.54,10.54
Baykalovo,79,RU,1622616463,43,57.3981,63.7684,65.35,5.35
Nikitinskiy,10,RU,1622616463,36,54.5845,86.0115,78.49,4.7
Saint Anthony,1,US,1622616463,69,45.0205,-93.218,64.71,3.0
Dicabisagan,83,PH,1622616464,68,17.0818,122.4157,87.78,7.18
Kieta,100,PG,1622616464,84,-6.2167,155.6333,80.38,3.91
Port Hardy,40,CA,1622616464,94,50.6996,-127.4199,57.38,0.0
Morococha,92,PE,1622616465,94,-11.5997,-76.1411,35.73,3.2
Vypolzovo,100,RU,1622616465,53,57.8767,33.6986,56.89,5.53
Te Anau,79,NZ,1622616466,92,-45.4167,167.7167,48.07,4.43
Sistranda,14,NO,1622616466,75,63.7256,8.834,66.16,6.38
Seara,98,PT,1622616466,79,41.1818,-7.8003,57.96,1.57
Chicama,97,PE,1622616467,90,-7.8447,-79.1469,64.13,2.08
Abu Dhabi,0,AE,1622616211,62,24.4667,54.3667,95.11,8.28
Kibala,0,TD,1622616467,73,9.1104,18.3463,76.95,6.91
Dalnerechensk,100,RU,1622616468,43,45.9339,133.7225,70.09,7.87
Aljezur,2,PT,1622616468,80,37.3191,-8.8033,60.35,4.27
De-Kastri,100,RU,1622616468,73,51.4667,140.7833,53.19,9.73
Loandjili,75,CG,1622616468,94,-4.7561,11.8578,77.11,2.3
São João da Barra,99,BR,1622616469,90,-21.6403,-41.0511,67.64,3.85
Danjiangkou,6,CN,1622616469,33,32.5428,111.5086,88.05,7.0
Staraya Kulatka,76,RU,1622616469,63,52.7167,47.6167,63.57,17.36
Maningrida,100,AU,1622616470,70,-12.0667,134.2667,81.5,13.42
Hong Kong,100,HK,1622616306,86,22.2855,114.1577,88.97,3.0
Pravokumskoye,37,RU,1622616470,55,44.7694,44.6472,75.27,8.7
Dudinka,100,RU,1622616470,96,69.4058,86.1778,38.1,18.54
Comodoro Rivadavia,0,AR,1622616352,87,-45.8667,-67.5,37.26,3.44
College,75,US,1622616471,78,64.8569,-147.8028,57.52,8.05
Mgandu,61,TZ,1622616471,61,-5.95,34.1333,68.05,11.36
Menongue,100,AO,1622616472,34,-14.6585,17.691,61.38,6.04
Geraldton,0,AU,1622616472,52,-28.7667,114.6,68.41,6.8
Prieska,0,ZA,1622616472,64,-29.6641,22.7474,48.04,6.06
Puerto del Rosario,20,ES,1622616473,72,28.5004,-13.8627,64.15,9.22
Batagay-Alyta,100,RU,1622616473,28,67.8006,130.4114,65.93,2.8
Butembo,92,CD,1622616473,52,0.15,29.2833,72.45,1.83
Savannah Bight,68,HN,1622616474,75,16.45,-85.85,79.0,14.52
Ust'-Uda,38,RU,1622616474,30,54.1742,103.0304,76.3,2.64
Kahului,40,US,1622616475,77,20.8947,-156.47,77.85,12.66
Tilichiki,6,RU,1622616475,64,60.4667,166.1,47.37,3.85
Rincon,1,US,1622616295,97,32.296,-81.2354,75.85,3.78
Chumikan,100,RU,1622616475,92,54.7183,135.315,37.62,7.92
Dayong,100,CN,1622616476,74,25.0209,118.2898,83.88,8.28
Bor,7,RU,1622616476,96,56.3567,44.0669,62.53,10.83
Seabra,92,BR,1622616476,93,-12.4186,-41.7703,65.93,2.3
Sweetwater,75,US,1622616477,80,25.7634,-80.3731,79.02,1.01
Ishigaki,75,JP,1622616477,74,24.3448,124.1572,87.93,12.66
Lensk,100,RU,1622616477,32,60.7253,114.9278,78.35,3.56
Manacapuru,46,BR,1622616359,85,-3.2997,-60.6206,77.58,2.68
São Filipe,100,CV,1622616478,81,14.8961,-24.4956,72.41,7.29
Mehamn,0,NO,1622616478,67,71.0357,27.8492,57.11,9.22
Tianpeng,94,CN,1622616478,47,30.9866,103.9393,77.47,6.29
Punta Cardon,100,VE,1622616479,81,11.6581,-70.215,78.4,20.69
Umm Hājar,100,TD,1622616479,36,13.2954,19.6966,89.37,9.73
Várzea Grande,0,BR,1622616186,83,-15.6467,-56.1325,73.27,2.3
Kiama,100,AU,1622616479,61,-34.6833,150.8667,67.48,5.01
Spearfish,1,US,1622616480,41,44.4908,-103.8594,60.69,5.01
Monywa,70,MM,1622616480,31,22.1167,95.1333,103.96,8.99
Buraidah,0,SA,1622616449,8,26.326,43.975,95.45,7.02
Lazurne,100,UA,1622616480,82,46.084,32.5295,55.85,6.62
Buşteni,100,RO,1622616481,94,45.4,25.5333,48.06,5.37
Mosquera,75,CO,1622616481,100,4.7059,-74.2302,53.69,2.3
Revelstoke,1,CA,1622616481,63,50.9832,-118.2023,64.42,0.0
Vardø,0,NO,1622616482,81,70.3705,31.1107,55.6,3.44
Porech'ye-Rybnoye,49,RU,1622616482,61,57.098,39.3835,57.11,8.93
Launceston,36,AU,1622616482,77,-41.45,147.1667,55.15,4.0
Boa Vista,40,BR,1622616483,94,2.8197,-60.6733,76.98,2.3
Meulaboh,100,ID,1622616483,71,4.1363,96.1285,84.83,4.07
Kamenka,100,RU,1622616484,72,51.3223,42.7678,61.88,15.52
Quzhou,100,CN,1622616484,90,28.9594,118.8686,79.5,1.3
Curumaní,100,CO,1622616484,89,9.1999,-73.5427,75.58,0.94
Hanson,1,US,1622616485,87,42.0751,-70.88,60.94,6.49
Lac du Bonnet,18,CA,1622616485,97,50.2536,-96.0612,52.29,3.6
Davidson,90,US,1622616485,84,36.1501,-86.7833,70.09,1.01
Broken Hill,75,AU,1622616486,77,-31.95,141.4333,60.51,8.05
Norrtälje,37,SE,1622616486,47,59.758,18.705,62.29,6.78
Klyuchi,78,RU,1622616486,22,52.2667,79.1667,88.47,8.32
Manono,62,CD,1622616487,40,-7.3,27.4167,82.78,4.72
Anjār,0,IN,1622616487,45,23.1333,70.0167,95.13,18.28
Los Negros,98,BO,1622616488,78,-17.7333,-63.4333,67.55,9.13
Kargasok,8,RU,1622616488,40,59.0556,80.8572,59.32,5.95
Pasłęk,100,PL,1622616488,85,54.0616,19.6593,63.55,9.48
Baykit,100,RU,1622616489,35,61.67,96.37,74.21,9.4
Porangatu,2,BR,1622616489,48,-13.4408,-49.1486,66.65,1.9
Zhangye,89,CN,1622616489,8,38.9342,100.4517,73.98,13.13
Guariba,0,BR,1622616489,76,-21.36,-48.2283,60.12,2.57
Charters Towers,100,AU,1622616242,64,-20.1,146.2667,71.01,13.06
Karatau,0,KZ,1622616490,18,43.1667,70.4667,95.02,19.37
Praia da Vitória,40,PT,1622616490,67,38.7333,-27.0667,59.25,10.51
Ledyard Center,1,US,1622616491,82,41.4398,-72.0142,60.08,4.16
Davila,58,PH,1622616491,68,18.4726,120.5763,91.38,8.79
Pisco,75,PE,1622616491,88,-13.7,-76.2167,60.85,3.44
Vila do Maio,50,CV,1622616492,86,15.1333,-23.2167,72.39,16.8
Acaraú,13,BR,1622616492,87,-2.8856,-40.12,75.99,8.84
Nouadhibou,0,MR,1622616493,82,20.931,-17.0347,66.18,16.11
Yanam,80,IN,1622616493,53,16.7333,82.2167,88.2,8.03
Constitución,95,CL,1622616392,95,-35.3333,-72.4167,57.7,6.2
Sukumo,100,JP,1622616493,72,32.9333,132.7333,72.21,8.37
Sydney,0,AU,1622616232,68,-33.8679,151.2073,65.5,1.01
Solwezi,100,ZM,1622616494,53,-12.1688,26.3894,66.54,4.97
Hay River,40,CA,1622616494,76,60.8156,-115.7999,49.98,1.14
Strezhevoy,92,RU,1622616494,33,60.7333,77.5889,62.58,10.13
Grand Gaube,6,MU,1622616495,68,-20.0064,57.6608,80.38,10.0
Puerto Limón,25,CR,1622616495,84,10.0,-83.0333,76.37,5.46
Jiutepec,100,MX,1622616495,96,18.8667,-99.1833,74.53,1.79
Syava,65,RU,1622616496,51,58.0146,46.3222,60.31,8.59
Ol'ga,100,RU,1622616496,72,43.7444,135.2892,62.19,9.51
Kaeo,1,NZ,1622616496,81,-35.1,173.7833,54.32,5.59
Grindavik,75,IS,1622616497,87,63.8424,-22.4338,43.56,16.4
Sørland,0,NO,1622616497,71,67.667,12.6934,64.47,5.75
Sobolevo,4,RU,1622616497,59,54.4299,31.8996,57.52,11.7
Pemba,75,MZ,1622616498,83,-12.974,40.5178,75.9,5.99
Wasilla,40,US,1622616498,59,61.5814,-149.4394,53.02,1.01
Ponta Delgada,20,PT,1622616498,63,37.7333,-25.6667,59.72,12.66
Boende,99,CD,1622616499,69,-0.2167,20.8667,79.75,3.69
Roebourne,92,AU,1622616499,25,-20.7833,117.1333,79.7,14.88
Octeville,0,FR,1622616499,53,49.6261,-1.6435,64.89,5.61
Sālūmbar,0,IN,1622616500,28,24.1333,74.05,96.28,9.42
Kitimat,100,CA,1622616500,97,54.0524,-128.6534,57.58,0.87
Anadyr,0,RU,1622616500,64,64.75,177.4833,36.1,13.0
Phibun Mangsahan,100,TH,1622616501,56,15.2447,105.2291,100.11,10.56
Porterville,1,US,1622616458,34,36.0652,-119.0168,85.75,0.0
Gusau,20,NG,1622616501,54,12.1628,6.6614,81.7,13.49
Clarence Town,8,AU,1622616501,72,-32.5833,151.7833,66.11,2.37
Bulawayo,0,ZW,1622616502,37,-20.15,28.5833,62.47,6.24
Henties Bay,20,NA,1622616502,40,-22.116,14.2845,67.78,7.83
Peniche,20,PT,1622616502,84,39.3558,-9.3811,61.09,6.35
Ţahţā,0,EG,1622616503,18,26.7693,31.5021,88.12,19.55
Walvis Bay,0,NA,1622616503,27,-22.9575,14.5053,67.15,9.8
Shīeli,0,KZ,1622616503,18,44.1667,66.75,94.69,15.08
Morón,2,AR,1622616504,86,-34.6534,-58.6198,56.95,7.18
Alenquer,67,BR,1622616504,78,-1.9417,-54.7383,75.54,2.66
Bima,89,ID,1622616504,56,-8.4667,118.7167,88.61,3.71
Yauya,98,PE,1622616505,88,-8.9833,-77.3,48.09,3.13
Narón,97,ES,1622616505,85,43.5167,-8.1528,60.67,5.1
Otjimbingwe,4,NA,1622616505,29,-22.35,16.1333,58.71,10.65
Kailua,40,US,1622616506,74,21.4022,-157.7394,78.78,9.22
Złocieniec,29,PL,1622616506,82,53.5329,16.0113,63.9,14.0
Barabai,24,ID,1622616506,43,-2.5833,115.3833,94.55,2.15
Saint-Joseph,100,RE,1622616507,77,-21.3667,55.6167,79.47,12.21
Sfântu Gheorghe,100,RO,1622616285,93,45.8667,25.7833,49.57,7.92
Pangnirtung,100,CA,1622616507,96,66.1451,-65.7125,31.6,3.96
Anshun,94,CN,1622616507,73,26.25,105.9333,75.76,7.05
Tambovka,45,RU,1622616508,48,50.0969,128.0489,64.51,6.29
Zonguldak,100,TR,1622616508,91,41.25,31.8333,49.05,7.78
Gazli,0,UZ,1622616508,11,40.1333,63.45,102.29,2.46
Alofi,79,NU,1622616509,100,-19.0595,-169.9187,69.69,9.22
Klishkivtsi,100,UA,1622616509,73,48.4316,26.2623,56.35,13.22
Tara,94,RU,1622616509,38,56.8944,74.371,65.01,5.21
Mossamedes,10,AO,1622616510,84,-15.1961,12.1522,70.21,1.77
Lethem,96,GY,1622616510,95,3.3803,-59.7968,73.78,5.59
Saint-Pierre,0,RE,1622616510,67,-21.3393,55.4781,80.56,3.44
Sava,0,IT,1622616511,48,40.4034,17.5584,67.78,2.93
Chapais,49,CA,1622616511,99,49.7834,-74.8492,49.78,5.08
Liverpool,0,GB,1622616511,67,53.4106,-2.9779,64.45,1.99
Krasnosel'kup,100,RU,1622616512,85,65.7,82.4667,40.77,19.46
Richards Bay,1,ZA,1622616512,59,-28.783,32.0377,62.29,8.99
